mean_fit_time,std_fit_time,mean_score_time,std_score_time,param_C,param_class_weight,param_gamma,param_kernel,params,split0_test_score,split1_test_score,split2_test_score,split3_test_score,split4_test_score,split5_test_score,split6_test_score,split7_test_score,split8_test_score,split9_test_score,mean_test_score,std_test_score,rank_test_score
70,1.5544988870620728,0.1014442925052254,0.03325099945068359,0.009410337113734967,8000.0,balanced,0.1,rbf,"{'C': 8000.0, 'class_weight': 'balanced', 'gamma': 0.1, 'kernel': 'rbf'}",0.8816993464052287,0.8854814814814814,0.9435555555555556,0.904,0.9050370370370371,0.9059698228733872,0.8431372549019607,0.8496974998177709,0.8891318609228077,0.9020336759239012,0.890974353491913,0.027552025133402727,1
60,1.51103732585907,0.14837279857298818,0.03229045867919922,0.006184212072523829,7000.0,balanced,0.1,rbf,"{'C': 7000.0, 'class_weight': 'balanced', 'gamma': 0.1, 'kernel': 'rbf'}",0.8812636165577341,0.8859259259259259,0.9422962962962963,0.9037037037037037,0.9048148148148148,0.9058969312632116,0.8451053283767038,0.8480938843939062,0.886872221007362,0.9027625920256578,0.8906735314365315,0.02725360914510203,2
50,1.2987890720367432,0.08214594372565398,0.03337380886077881,0.007222620594499781,6000.0,balanced,0.1,rbf,"{'C': 6000.0, 'class_weight': 'balanced', 'gamma': 0.1, 'kernel': 'rbf'}",0.8821350762527234,0.8858518518518519,0.9430370370370371,0.9044444444444445,0.9046666666666666,0.9050951235512792,0.8461987025293388,0.8457613528682849,0.8867264377870107,0.9022523507544281,0.8906169043743066,0.02752498765918862,3
1,0.7101243495941162,0.06613042702872293,0.034716105461120604,0.008441386418601798,1000.0,balanced,0.2,rbf,"{'C': 1000.0, 'class_weight': 'balanced', 'gamma': 0.2, 'kernel': 'rbf'}",0.8789397240377632,0.886,0.9465925925925925,0.9045925925925926,0.9085925925925926,0.9049493403309278,0.8470005102412713,0.8454697864275822,0.8839565566003352,0.8995553611779284,0.8905649056593585,0.028424804777819373,4
80,1.7563250064849854,0.1711358252633722,0.0324552059173584,0.0069513889294850854,9000.0,balanced,0.1,rbf,"{'C': 9000.0, 'class_weight': 'balanced', 'gamma': 0.1, 'kernel': 'rbf'}",0.8801016702977487,0.8852592592592592,0.9447407407407408,0.9045185185185185,0.9042962962962964,0.9054595816021576,0.8389824331219476,0.8489685837160142,0.8909541511771996,0.9022523507544282,0.8905533585484312,0.02864525803804491,5
40,1.1599608421325684,0.0936165626398663,0.031708717346191406,0.006844688496251097,5000.0,balanced,0.1,rbf,"{'C': 5000.0, 'class_weight': 'balanced', 'gamma': 0.1, 'kernel': 'rbf'}",0.880392156862745,0.8863703703703705,0.9424444444444444,0.9034074074074074,0.9051111111111111,0.9055324732123333,0.8477294263430278,0.845542678037758,0.8849770391427947,0.9010860849916175,0.8902593191923609,0.027232297765154293,6
30,1.0448790311813354,0.07200583549299396,0.030653762817382812,0.0037578542784187574,4000.0,balanced,0.1,rbf,"{'C': 4000.0, 'class_weight': 'balanced', 'gamma': 0.1, 'kernel': 'rbf'}",0.8800290486564997,0.8875555555555557,0.9431851851851851,0.902962962962963,0.906888888888889,0.9054595816021577,0.848166776004082,0.845542678037758,0.8830089656680516,0.8993366863474015,0.8902136328908543,0.027364931447602436,7
90,1.7175242185592652,0.06136223482879254,0.027923583984375,0.0013199252797132664,10000.0,balanced,0.1,rbf,"{'C': 10000.0, 'class_weight': 'balanced', 'gamma': 0.1, 'kernel': 'rbf'}",0.8785039941902686,0.8854814814814815,0.9460740740740741,0.9036296296296297,0.9025185185185185,0.9056053648225089,0.8365770099861505,0.8493330417668927,0.8908812595670238,0.9018878927035499,0.8900492266740099,0.029210916103541987,8
11,0.9425519227981567,0.10414278181741561,0.03445534706115723,0.008863432200856745,2000.0,balanced,0.2,rbf,"{'C': 2000.0, 'class_weight': 'balanced', 'gamma': 0.2, 'kernel': 'rbf'}",0.8793028322440087,0.882962962962963,0.9468148148148148,0.9050370370370371,0.9053333333333334,0.9057511480428602,0.8381077337998395,0.8487499088854872,0.8879655951599971,0.8999927108389824,0.8900018077119322,0.029325015051939587,9
20,0.9086750507354736,0.08277300569925393,0.03192527294158935,0.008196020890807166,3000.0,balanced,0.1,rbf,"{'C': 3000.0, 'class_weight': 'balanced', 'gamma': 0.1, 'kernel': 'rbf'}",0.8809005083514887,0.888888888888889,0.9451111111111111,0.901037037037037,0.9085925925925927,0.904730665500401,0.8495517165974197,0.8453240032072309,0.8784167942269845,0.8970770464319556,0.889963036394511,0.02760799336199808,10
10,0.7318830251693725,0.0744367939384011,0.028055834770202636,0.0004753833549106423,2000.0,balanced,0.1,rbf,"{'C': 2000.0, 'class_weight': 'balanced', 'gamma': 0.1, 'kernel': 'rbf'}",0.8792302106027596,0.8904444444444445,0.9448888888888889,0.9013333333333333,0.9096296296296297,0.9046577738902252,0.852102922953568,0.8454697864275822,0.8741890808367957,0.8924119833807128,0.889435805438794,0.027439645041970495,11
2,0.8150274753570557,0.06404310756825875,0.03052079677581787,0.005134868047344213,1000.0,balanced,0.30000000000000004,rbf,"{'C': 1000.0, 'class_weight': 'balanced', 'gamma': 0.30000000000000004, 'kernel': 'rbf'}",0.881917211328976,0.8794814814814814,0.9433333333333332,0.9052592592592593,0.9077037037037037,0.9057511480428603,0.8376703841387856,0.8450324367665281,0.8863619797361323,0.9007216269407391,0.8893232564731799,0.029493828216478675,12
21,1.2957115411758422,0.15849433578594616,0.0343416690826416,0.006492234609320091,3000.0,balanced,0.2,rbf,"{'C': 3000.0, 'class_weight': 'balanced', 'gamma': 0.2, 'kernel': 'rbf'}",0.8810457516339869,0.8806666666666667,0.9457037037037037,0.9051851851851852,0.9026666666666667,0.9042204242291711,0.8343173700707048,0.8496246082075953,0.8877469203294701,0.8999198192288068,0.8891097115921959,0.029478343958418113,13
0,0.5694759607315063,0.03728647280090534,0.033811330795288086,0.006144242736894952,1000.0,balanced,0.1,rbf,"{'C': 1000.0, 'class_weight': 'balanced', 'gamma': 0.1, 'kernel': 'rbf'}",0.8762527233115468,0.8899259259259259,0.9434814814814814,0.902074074074074,0.9125925925925926,0.9025439171951308,0.8545083460893651,0.8471462934616226,0.8709089583788906,0.8847583643122676,0.8884192676822897,0.027066350802832154,14
31,1.4418980836868287,0.09733288340852597,0.028239727020263672,0.004562436747779831,4000.0,balanced,0.2,rbf,"{'C': 4000.0, 'class_weight': 'balanced', 'gamma': 0.2, 'kernel': 'rbf'}",0.8806100217864925,0.8797037037037038,0.9447407407407408,0.9045185185185185,0.901111111111111,0.9020336759239013,0.8346089365114076,0.8495517165974196,0.8856330636343757,0.899409577957577,0.8881921066485248,0.029067071890585324,15
41,1.661432933807373,0.11388733654924635,0.026365065574645997,0.000671866833944155,5000.0,balanced,0.2,rbf,"{'C': 5000.0, 'class_weight': 'balanced', 'gamma': 0.2, 'kernel': 'rbf'}",0.8792302106027596,0.8785185185185185,0.9434074074074075,0.9025925925925926,0.8993333333333333,0.9011589766017931,0.8318390553247321,0.8496246082075953,0.8803119760915519,0.9008674101610905,0.8866884088841374,0.02930107678285561,16
12,1.2505502939224242,0.09524174285827283,0.03589451313018799,0.00905488637053428,2000.0,balanced,0.30000000000000004,rbf,"{'C': 2000.0, 'class_weight': 'balanced', 'gamma': 0.30000000000000004, 'kernel': 'rbf'}",0.877923021060276,0.8753333333333334,0.944,0.9008148148148148,0.9037037037037037,0.9018878927035499,0.8337342371892994,0.8462715941395145,0.8811866754136599,0.9007216269407392,0.886557689929889,0.02979124161751648,17
3,0.9040235757827759,0.11309605721163206,0.031499266624450684,0.007595785376247659,1000.0,balanced,0.4,rbf,"{'C': 1000.0, 'class_weight': 'balanced', 'gamma': 0.4, 'kernel': 'rbf'}",0.875599128540305,0.8742962962962963,0.9436296296296296,0.900962962962963,0.9046666666666665,0.9033457249070632,0.837160142867556,0.8432101465121364,0.8807493257526059,0.9010131933814418,0.8864633217516664,0.02984402785770703,18
51,1.971593403816223,0.09150350085232745,0.03226182460784912,0.007061819008556638,6000.0,balanced,0.2,rbf,"{'C': 6000.0, 'class_weight': 'balanced', 'gamma': 0.2, 'kernel': 'rbf'}",0.8782135076252724,0.8771851851851852,0.9417037037037037,0.8977037037037037,0.8985185185185185,0.9008674101610903,0.8284860412566514,0.8476565347328521,0.8781252277862818,0.9005758437203878,0.8849035676393647,0.029658869328754042,19
61,2.1404666900634766,0.13482913518402795,0.03378486633300781,0.008206148708503664,7000.0,balanced,0.2,rbf,"{'C': 7000.0, 'class_weight': 'balanced', 'gamma': 0.2, 'kernel': 'rbf'}",0.878794480755265,0.8758518518518519,0.9374814814814815,0.8882222222222222,0.8967407407407407,0.9010131933814418,0.8274655587141919,0.8475107515125009,0.8745535388876741,0.9008674101610903,0.882850122970846,0.028829658829762055,20
22,1.5232062101364137,0.09907336838943448,0.027982187271118165,0.002150904888597502,3000.0,balanced,0.30000000000000004,rbf,"{'C': 3000.0, 'class_weight': 'balanced', 'gamma': 0.30000000000000004, 'kernel': 'rbf'}",0.8783587509077705,0.8733333333333333,0.9282222222222222,0.8857777777777778,0.8976296296296297,0.9025439171951308,0.8264450761717326,0.8435746045630148,0.8735330563452147,0.900940301771266,0.8810358669917093,0.028088186683653642,21
4,1.0388059616088867,0.09824974815319586,0.034318733215332034,0.0078487270467815,1000.0,balanced,0.5,rbf,"{'C': 1000.0, 'class_weight': 'balanced', 'gamma': 0.5, 'kernel': 'rbf'}",0.8752360203340596,0.8703703703703703,0.9397037037037037,0.8868888888888888,0.8997777777777778,0.9020336759239012,0.830308331511043,0.8312559224433268,0.8746264304978497,0.8991180115168744,0.8809319132967796,0.031360793464715,22
71,2.304081439971924,0.14208204447180767,0.027405571937561036,0.0035883471563967167,8000.0,balanced,0.2,rbf,"{'C': 8000.0, 'class_weight': 'balanced', 'gamma': 0.2, 'kernel': 'rbf'}",0.8784313725490195,0.8742962962962963,0.9292592592592593,0.8830370370370371,0.8938518518518519,0.8997740360084554,0.8275384503243678,0.8474378599023252,0.8729499234638094,0.9009403017712662,0.880751638846369,0.027108365340864388,23
81,2.460967016220093,0.18873106020420552,0.02721128463745117,0.0021396622946389964,9000.0,balanced,0.2,rbf,"{'C': 9000.0, 'class_weight': 'balanced', 'gamma': 0.2, 'kernel': 'rbf'}",0.877923021060276,0.8737777777777779,0.9276296296296297,0.882,0.8918518518518518,0.8994824695677527,0.8273926671040164,0.8467818354107443,0.8726583570231066,0.9004300605000364,0.8799927669925192,0.026791620006842046,24
91,2.5099018573760987,0.11294973399843693,0.028780746459960937,0.00569536308750058,10000.0,balanced,0.2,rbf,"{'C': 10000.0, 'class_weight': 'balanced', 'gamma': 0.2, 'kernel': 'rbf'}",0.8787944807552651,0.8738518518518518,0.928074074074074,0.8804444444444444,0.8948148148148148,0.8991909031270501,0.8266637510022596,0.8459800276988118,0.870398717107661,0.8988993366863474,0.8797112401562581,0.02718268997447727,25
13,1.3741562366485596,0.14003975808624192,0.029782319068908693,0.004407592012708229,2000.0,balanced,0.4,rbf,"{'C': 2000.0, 'class_weight': 'balanced', 'gamma': 0.4, 'kernel': 'rbf'}",0.8750181554103122,0.8702222222222222,0.9293333333333333,0.8811111111111111,0.8994814814814814,0.9005758437203878,0.8254245936292733,0.830964356002624,0.8746993221080255,0.8986077702456448,0.8785438189264415,0.03015699015848924,26
32,1.8248973608016967,0.1239898099598309,0.0274456262588501,0.0031365372649888334,4000.0,balanced,0.30000000000000004,rbf,"{'C': 4000.0, 'class_weight': 'balanced', 'gamma': 0.30000000000000004, 'kernel': 'rbf'}",0.8768336964415395,0.8711851851851853,0.9264444444444444,0.8802222222222222,0.8984444444444445,0.8983890954151177,0.8236023033748814,0.8357023106640425,0.8726583570231066,0.8990451199066988,0.8782527179121683,0.029072823106818284,27
5,1.068832564353943,0.11511372107549181,0.03451492786407471,0.006793709873407045,1000.0,balanced,0.6,rbf,"{'C': 1000.0, 'class_weight': 'balanced', 'gamma': 0.6, 'kernel': 'rbf'}",0.8741466957153231,0.868074074074074,0.9366666666666666,0.8814074074074074,0.8977777777777778,0.8981704205845907,0.8254245936292733,0.8245498943071653,0.8744077556673228,0.895254756177564,0.8775880042007165,0.032085490647846354,28
42,2.189477324485779,0.20300422912601102,0.03314816951751709,0.008791212970049945,5000.0,balanced,0.30000000000000004,rbf,"{'C': 5000.0, 'class_weight': 'balanced', 'gamma': 0.30000000000000004, 'kernel': 'rbf'}",0.8769789397240377,0.8704444444444445,0.9264444444444444,0.8755555555555556,0.8987407407407407,0.8955463226182666,0.8243312194766381,0.8339529120198265,0.8758655878708361,0.8978059625337124,0.8775666129428503,0.02892137244309269,29
52,2.252528929710388,0.13374480719306495,0.027308225631713867,0.001505349027310291,6000.0,balanced,0.30000000000000004,rbf,"{'C': 6000.0, 'class_weight': 'balanced', 'gamma': 0.30000000000000004, 'kernel': 'rbf'}",0.8762527233115468,0.8703703703703702,0.9259999999999999,0.874,0.8984444444444445,0.8943071652452803,0.8219257963408411,0.8317661637145566,0.8752824549894307,0.895910780669145,0.8764259899085614,0.029411652694385247,30
23,2.0602357625961303,0.20691345352703616,0.02949025630950928,0.004902043399725464,3000.0,balanced,0.4,rbf,"{'C': 3000.0, 'class_weight': 'balanced', 'gamma': 0.4, 'kernel': 'rbf'}",0.8748729121278142,0.8694074074074074,0.9249629629629629,0.8758518518518518,0.8982222222222223,0.8955463226182667,0.8202492893068009,0.8270282090531381,0.8765945039725926,0.8962023471098477,0.8758938028632904,0.030385466458954822,31
62,2.8612785816192625,0.44700892740760056,0.02986886501312256,0.005903731508041657,7000.0,balanced,0.30000000000000004,rbf,"{'C': 7000.0, 'class_weight': 'balanced', 'gamma': 0.30000000000000004, 'kernel': 'rbf'}",0.8745824255628177,0.8708148148148149,0.9244444444444443,0.8742962962962963,0.898962962962963,0.8924848749908887,0.8211239886289089,0.8305270063415702,0.8737517311757417,0.8944529484656315,0.8755441493684076,0.029326385791795053,32
6,1.2232829332351685,0.09755401504621017,0.026421022415161134,0.0013136977196980342,1000.0,balanced,0.7000000000000001,rbf,"{'C': 1000.0, 'class_weight': 'balanced', 'gamma': 0.7000000000000001, 'kernel': 'rbf'}",0.871604938271605,0.8674814814814815,0.9311111111111111,0.882148148148148,0.8968148148148148,0.8962023471098477,0.818864348713463,0.818208324221882,0.8709089583788906,0.8929951162621182,0.8746339588513363,0.033028411705611244,33
72,3.134511923789978,0.24595007007918215,0.028058743476867674,0.005875290836873986,8000.0,balanced,0.30000000000000004,rbf,"{'C': 8000.0, 'class_weight': 'balanced', 'gamma': 0.30000000000000004, 'kernel': 'rbf'}",0.8715323166303558,0.8704444444444444,0.9248148148148149,0.8745925925925926,0.8985925925925925,0.8916830672789562,0.819301698374517,0.8280486915955975,0.8730228150739849,0.8940884904147534,0.874612152381261,0.030038136531610565,34
14,1.5350700855255126,0.15076586125668232,0.028550004959106444,0.004347037505383726,2000.0,balanced,0.5,rbf,"{'C': 2000.0, 'class_weight': 'balanced', 'gamma': 0.5, 'kernel': 'rbf'}",0.8720406681190994,0.869037037037037,0.923111111111111,0.8769629629629628,0.8965185185185185,0.8955463226182665,0.818208324221882,0.8236023033748816,0.8748451053283768,0.8944529484656316,0.8744325301757767,0.03080630366206027,35
82,3.446355700492859,0.5105637172647353,0.028287124633789063,0.0053589140161906445,9000.0,balanced,0.30000000000000004,rbf,"{'C': 9000.0, 'class_weight': 'balanced', 'gamma': 0.30000000000000004, 'kernel': 'rbf'}",0.8698620188816267,0.869925925925926,0.9255555555555556,0.8745925925925926,0.898074074074074,0.8921204169400101,0.8178438661710037,0.8279757999854217,0.8725854654129309,0.8927035498214156,0.8741239265360556,0.030369995808828314,36
33,2.0461037158966064,0.20078605858696966,0.028707146644592285,0.006583559251250743,4000.0,balanced,0.4,rbf,"{'C': 4000.0, 'class_weight': 'balanced', 'gamma': 0.4, 'kernel': 'rbf'}",0.8710965867828613,0.8696296296296294,0.9237777777777777,0.8751111111111111,0.8974074074074074,0.8941613820249289,0.8161673591369634,0.824622785917341,0.8751366717690794,0.8925577666010641,0.8739668478158164,0.03096671612164414,37
7,1.230495858192444,0.09670171098791881,0.027530860900878907,0.002474134309614705,1000.0,balanced,0.8,rbf,"{'C': 1000.0, 'class_weight': 'balanced', 'gamma': 0.8, 'kernel': 'rbf'}",0.8676833696441538,0.865925925925926,0.9319999999999999,0.8932592592592593,0.8920740740740741,0.8915372840586048,0.8133245863401123,0.8187914571032875,0.8697426926160798,0.8916830672789561,0.8736021716300453,0.03396021191956728,38
92,3.723549175262451,0.252946269966319,0.02721271514892578,0.0032825296735805158,10000.0,balanced,0.30000000000000004,rbf,"{'C': 10000.0, 'class_weight': 'balanced', 'gamma': 0.30000000000000004, 'kernel': 'rbf'}",0.8701525054466231,0.8702222222222222,0.9254074074074075,0.8747407407407408,0.897037037037037,0.8907354763466725,0.81689627523872,0.8285589328668271,0.8701071506669582,0.8912457176179022,0.873510346559111,0.030197721283975278,39
43,2.530798625946045,0.26122164775753565,0.0297576904296875,0.006789209743214836,5000.0,balanced,0.4,rbf,"{'C': 5000.0, 'class_weight': 'balanced', 'gamma': 0.4, 'kernel': 'rbf'}",0.8698620188816268,0.8707407407407407,0.9217037037037038,0.8768148148148148,0.8965925925925925,0.8925577666010641,0.814272177272396,0.8266637510022596,0.8728770318536336,0.8905168015161454,0.8732601398978976,0.030402061223628932,40
24,2.2401097297668455,0.307142776921412,0.032046055793762206,0.008236323059569247,3000.0,balanced,0.5,rbf,"{'C': 3000.0, 'class_weight': 'balanced', 'gamma': 0.5, 'kernel': 'rbf'}",0.8697167755991285,0.8707407407407408,0.9205185185185186,0.8788148148148147,0.8952592592592592,0.893286682702821,0.8142721772723961,0.8240396530359356,0.871710766090823,0.8913186092280778,0.8729677997262515,0.030656199280018386,41
15,1.718199872970581,0.1523751838088853,0.02867732048034668,0.006008297419019408,2000.0,balanced,0.6,rbf,"{'C': 2000.0, 'class_weight': 'balanced', 'gamma': 0.6, 'kernel': 'rbf'}",0.8692810457516339,0.8683703703703703,0.9225925925925926,0.881925925925926,0.8941481481481481,0.8922662001603614,0.8139806108316933,0.8225089292222466,0.8709089583788906,0.8911728260077264,0.872715560738959,0.031239788176193425,42
53,2.8796945810317993,0.16076910338510542,0.026202392578125,0.0015665764183243683,6000.0,balanced,0.4,rbf,"{'C': 6000.0, 'class_weight': 'balanced', 'gamma': 0.4, 'kernel': 'rbf'}",0.8690631808278867,0.8717037037037036,0.9199999999999999,0.878,0.8931851851851851,0.8900794518550914,0.8133974779502879,0.8268824258327866,0.8691595597346746,0.8894963189736861,0.8720967304063303,0.02984683927854303,43
8,1.3521602153778076,0.11316871654267455,0.03361492156982422,0.00803280730180809,1000.0,balanced,0.9,rbf,"{'C': 1000.0, 'class_weight': 'balanced', 'gamma': 0.9, 'kernel': 'rbf'}",0.8668845315904139,0.8654074074074074,0.9332592592592593,0.9026666666666667,0.8853333333333333,0.8869451126175377,0.8110649464246666,0.8155842262555579,0.8643487134630804,0.888840294482105,0.8720334491500028,0.03521626406843601,44
16,1.788332748413086,0.18276144961594265,0.031282353401184085,0.006910389217326321,2000.0,balanced,0.7000000000000001,rbf,"{'C': 2000.0, 'class_weight': 'balanced', 'gamma': 0.7000000000000001, 'kernel': 'rbf'}",0.8687726942628903,0.8657777777777776,0.9225925925925925,0.9014814814814816,0.8859999999999999,0.8878198119396458,0.8106275967636125,0.8194474815948685,0.862453531598513,0.8902252350754428,0.8715198203086825,0.032974981082572095,45
25,2.2208254098892213,0.16964269863016485,0.03168520927429199,0.005845028537436571,3000.0,balanced,0.6,rbf,"{'C': 3000.0, 'class_weight': 'balanced', 'gamma': 0.6, 'kernel': 'rbf'}",0.8683369644153957,0.8677777777777776,0.9186666666666666,0.8985185185185185,0.8868148148148148,0.8873824622785916,0.8090968729499234,0.8225818208324223,0.863109556090094,0.8886945112617537,0.8710979965605958,0.03180711225211457,46
63,3.684210705757141,0.4421529247093591,0.028996729850769044,0.005586684059606561,7000.0,balanced,0.4,rbf,"{'C': 7000.0, 'class_weight': 'balanced', 'gamma': 0.4, 'kernel': 'rbf'}",0.8676833696441539,0.872,0.9185925925925925,0.8782222222222222,0.8912592592592592,0.8887674028719295,0.8116480793060719,0.8265179677819082,0.8673372694802828,0.8876011371091187,0.8709629300267538,0.02974161205723834,47
34,2.4724108934402467,0.20276398118207406,0.028224635124206542,0.002625119574691618,4000.0,balanced,0.5,rbf,"{'C': 4000.0, 'class_weight': 'balanced', 'gamma': 0.5, 'kernel': 'rbf'}",0.8681917211328976,0.8697037037037038,0.9176296296296297,0.8833333333333333,0.8895555555555555,0.8891318609228077,0.809388439390626,0.8238938698155842,0.8668270282090531,0.8897878854143888,0.870744302710758,0.03064928992625895,48
73,3.818286418914795,0.3024525150449384,0.026476168632507326,0.0014930284819720092,8000.0,balanced,0.4,rbf,"{'C': 8000.0, 'class_weight': 'balanced', 'gamma': 0.4, 'kernel': 'rbf'}",0.8673928830791576,0.871925925925926,0.9184444444444444,0.8794814814814814,0.8896296296296297,0.8872366790582403,0.8080034987972885,0.8270282090531379,0.8644944966834318,0.8859246300750784,0.8699561878227817,0.03017237245488923,49
44,3.05084867477417,0.29412347763406776,0.030506229400634764,0.006566404911059116,5000.0,balanced,0.5,rbf,"{'C': 5000.0, 'class_weight': 'balanced', 'gamma': 0.5, 'kernel': 'rbf'}",0.867755991285403,0.869037037037037,0.9167407407407406,0.8879259259259259,0.8871111111111112,0.8865806545666594,0.8077119323565858,0.8246956775275166,0.8637655805816752,0.8873095706684161,0.869863422180107,0.030578251192687148,50
83,4.88110876083374,0.4537071994112588,0.032865357398986814,0.008579444407453382,9000.0,balanced,0.4,rbf,"{'C': 9000.0, 'class_weight': 'balanced', 'gamma': 0.4, 'kernel': 'rbf'}",0.8672476397966592,0.8712592592592592,0.9182222222222222,0.8820740740740741,0.8886666666666666,0.885122822363146,0.8062541001530725,0.8262992929513812,0.862890881259567,0.8836649901596326,0.8691701948905679,0.030432135491966432,51
9,1.4057958841323852,0.13779349613957464,0.029241394996643067,0.007285259096063968,1000.0,balanced,1.0,rbf,"{'C': 1000.0, 'class_weight': 'balanced', 'gamma': 1.0, 'kernel': 'rbf'}",0.8594771241830066,0.8636296296296296,0.9342222222222222,0.9019259259259259,0.8827407407407407,0.8826445076171733,0.8059625337123697,0.8160215759166121,0.8591005175304323,0.8857059552445513,0.8691430732722664,0.03604147752819515,52
35,2.7921531915664675,0.33337555249085554,0.03062441349029541,0.006124771432837297,4000.0,balanced,0.6,rbf,"{'C': 4000.0, 'class_weight': 'balanced', 'gamma': 0.6, 'kernel': 'rbf'}",0.868482207697894,0.8685185185185184,0.9186666666666666,0.8998518518518519,0.8849629629629628,0.8838836649901597,0.8020992783730593,0.8202492893068009,0.859829433632189,0.8838836649901597,0.8690427538990262,0.033246649430028405,53
17,1.899426531791687,0.17113317310660364,0.02702817916870117,0.0038410871563730495,2000.0,balanced,0.8,rbf,"{'C': 2000.0, 'class_weight': 'balanced', 'gamma': 0.8, 'kernel': 'rbf'}",0.866085693536674,0.865925925925926,0.9297037037037037,0.8994814814814814,0.8828148148148148,0.8826445076171732,0.803702893796924,0.8179167577811794,0.8580800349879729,0.8839565566003352,0.8690312370246185,0.034964509641176277,54
54,3.1963784217834474,0.36378690707495265,0.026032733917236327,0.0017821220905608066,6000.0,balanced,0.5,rbf,"{'C': 6000.0, 'class_weight': 'balanced', 'gamma': 0.5, 'kernel': 'rbf'}",0.8679012345679014,0.8695555555555555,0.9146666666666666,0.8931111111111111,0.8861481481481481,0.8854872804140244,0.8032655441358699,0.8238938698155842,0.8607770245644727,0.8824987243968219,0.8687305159376155,0.0313669950552981,55
93,4.133181691169739,0.4096709737932846,0.02734675407409668,0.005805423216436897,10000.0,balanced,0.4,rbf,"{'C': 10000.0, 'class_weight': 'balanced', 'gamma': 0.4, 'kernel': 'rbf'}",0.8679012345679012,0.8717777777777778,0.9171851851851851,0.8827407407407406,0.8876296296296295,0.8846125810919163,0.8047233763393834,0.8259348349005029,0.8614330490560537,0.8814782418543626,0.8685416651143452,0.030507894884319063,56
26,2.4696103811264036,0.3087232324212538,0.029032254219055177,0.006223980734383258,3000.0,balanced,0.7000000000000001,rbf,"{'C': 3000.0, 'class_weight': 'balanced', 'gamma': 0.7000000000000001, 'kernel': 'rbf'}",0.8687726942628904,0.8657777777777776,0.9217037037037037,0.8980740740740741,0.8827407407407406,0.8826445076171732,0.8028281944748159,0.8181354326117064,0.8573511188862161,0.8830818572782272,0.8681110101427325,0.03361606946614167,57
64,3.759961247444153,0.44064088548378183,0.02788381576538086,0.004405444753424023,7000.0,balanced,0.5,rbf,"{'C': 7000.0, 'class_weight': 'balanced', 'gamma': 0.5, 'kernel': 'rbf'}",0.8687726942628904,0.8697777777777776,0.9105185185185184,0.8939259259259259,0.8854074074074075,0.8839565566003355,0.8014432538814782,0.8228733872731249,0.8580800349879729,0.8811137838034842,0.8675869340438915,0.031266991477106605,58
45,3.185062217712402,0.41746183361895944,0.02842550277709961,0.004627682397141472,5000.0,balanced,0.6,rbf,"{'C': 5000.0, 'class_weight': 'balanced', 'gamma': 0.6, 'kernel': 'rbf'}",0.8689905591866376,0.8662962962962962,0.9145185185185185,0.892,0.882962962962963,0.883154748888403,0.7992565055762081,0.8191559151541657,0.854727020919892,0.8803848677017275,0.866144739520481,0.03256372630807805,59
74,4.321882820129394,0.4880649450038824,0.02851581573486328,0.0051124304103120554,8000.0,balanced,0.5,rbf,"{'C': 8000.0, 'class_weight': 'balanced', 'gamma': 0.5, 'kernel': 'rbf'}",0.8688453159041395,0.8682222222222221,0.9089629629629629,0.8893333333333333,0.8837037037037038,0.8825716160069976,0.7980902398133976,0.8211968802390845,0.8564764195641081,0.8779065529557549,0.8655309246705704,0.03136981614065606,60
84,4.963949298858642,0.7570648172685774,0.02781355381011963,0.0027765418369782966,9000.0,balanced,0.5,rbf,"{'C': 9000.0, 'class_weight': 'balanced', 'gamma': 0.5, 'kernel': 'rbf'}",0.8671023965141612,0.8674814814814815,0.9085185185185185,0.8854074074074074,0.882888888888889,0.8812595670238356,0.79619505794883,0.8205408557475035,0.8539981048181354,0.875646913040309,0.8639039191389072,0.03136623582570133,61
18,1.9021021842956543,0.20470943083139714,0.03122110366821289,0.008015395190757642,2000.0,balanced,0.9,rbf,"{'C': 2000.0, 'class_weight': 'balanced', 'gamma': 0.9, 'kernel': 'rbf'}",0.8562091503267973,0.8600740740740741,0.93,0.8947407407407406,0.881111111111111,0.8789270354982142,0.7910197536263576,0.816677600408193,0.8438661710037176,0.8788541438880385,0.8631479780677243,0.03751931902016476,62
55,3.7954365968704225,0.404177090754418,0.02701866626739502,0.002742124492710493,6000.0,balanced,0.6,rbf,"{'C': 6000.0, 'class_weight': 'balanced', 'gamma': 0.6, 'kernel': 'rbf'}",0.8655773420479301,0.8632592592592592,0.9125185185185184,0.8844444444444445,0.8828148148148148,0.8800933012610249,0.7918944529484656,0.8183541074422335,0.8497703914279465,0.8739704060062686,0.8622697038170907,0.03307984157290181,63
94,5.1805847644805905,0.5087250995454996,0.025543761253356934,0.001762565403879867,10000.0,balanced,0.5,rbf,"{'C': 10000.0, 'class_weight': 'balanced', 'gamma': 0.5, 'kernel': 'rbf'}",0.8655773420479304,0.8648888888888889,0.9068888888888889,0.8842962962962964,0.882888888888889,0.8799475180406735,0.793789634813033,0.8196661564253954,0.8512282236314601,0.8717836577009985,0.8620955495622453,0.031540778953409364,64
36,2.9574355602264406,0.1807039356065822,0.027301812171936037,0.0036274812680814816,4000.0,balanced,0.7000000000000001,rbf,"{'C': 4000.0, 'class_weight': 'balanced', 'gamma': 0.7000000000000001, 'kernel': 'rbf'}",0.8636165577342049,0.8616296296296296,0.9174814814814815,0.8847407407407408,0.8824444444444444,0.8792186019389168,0.7901450543042495,0.8170420584590714,0.8471462934616225,0.8755011298199576,0.8618965992014319,0.034495938872479766,65
27,2.6549275875091554,0.376380475923358,0.03031468391418457,0.00709786957533271,3000.0,balanced,0.8,rbf,"{'C': 3000.0, 'class_weight': 'balanced', 'gamma': 0.8, 'kernel': 'rbf'}",0.8553376906318083,0.8594814814814815,0.924962962962963,0.8889629629629631,0.8822222222222222,0.8778336613455792,0.7861360157445879,0.8156571178657337,0.8429914716816095,0.8768860704132954,0.8610471657312244,0.037253933514507745,66
65,4.288014197349549,0.4092852827622969,0.029328417778015137,0.00692694739404135,7000.0,balanced,0.6,rbf,"{'C': 7000.0, 'class_weight': 'balanced', 'gamma': 0.6, 'kernel': 'rbf'}",0.8618736383442265,0.8608148148148148,0.9094074074074073,0.8842222222222222,0.8827407407407407,0.8780523361761061,0.7853342080326555,0.8157300094759092,0.8475107515125009,0.8696698010059042,0.8595355929732488,0.034142572724253736,67
46,3.6498398303985597,0.4527979759365849,0.028359651565551758,0.005699417523733124,5000.0,balanced,0.7000000000000001,rbf,"{'C': 5000.0, 'class_weight': 'balanced', 'gamma': 0.7000000000000001, 'kernel': 'rbf'}",0.8580246913580247,0.8580000000000001,0.9154814814814815,0.8897777777777778,0.8830370370370371,0.8768860704132955,0.7791384211677236,0.8145637437130986,0.8437932793935418,0.8714920912602958,0.8590194593602277,0.03711713459030491,68
19,2.090882968902588,0.15551903794650268,0.025353074073791504,0.002286194435360526,2000.0,balanced,1.0,rbf,"{'C': 2000.0, 'class_weight': 'balanced', 'gamma': 1.0, 'kernel': 'rbf'}",0.8524328249818446,0.8577777777777778,0.929037037037037,0.8951851851851852,0.8842222222222222,0.8698884758364313,0.7738902252350754,0.8136890443909907,0.8359209854945696,0.8730228150739848,0.8585066593235118,0.041276504285378615,69
37,2.875336194038391,0.21354732505249555,0.026497149467468263,0.0021566774136237434,4000.0,balanced,0.8,rbf,"{'C': 4000.0, 'class_weight': 'balanced', 'gamma': 0.8, 'kernel': 'rbf'}",0.8541757443718229,0.8565185185185185,0.9237037037037037,0.894888888888889,0.8836296296296297,0.8724396821925795,0.7762227567606969,0.8133245863401122,0.8386179750710693,0.86974269261608,0.8583264178093101,0.03969366094348884,70
75,4.6445427417755125,0.48559477543238383,0.02668929100036621,0.001905031805793106,8000.0,balanced,0.6,rbf,"{'C': 8000.0, 'class_weight': 'balanced', 'gamma': 0.6, 'kernel': 'rbf'}",0.8586056644880175,0.8591851851851853,0.9070370370370372,0.8861481481481481,0.8831111111111111,0.8767402871929441,0.7787010715066696,0.8147824185436257,0.8463444857496902,0.8649318463444857,0.8575587255306913,0.03538152156985967,71
28,2.712166166305542,0.2635732998086439,0.028912806510925294,0.006080708625503456,3000.0,balanced,0.9,rbf,"{'C': 3000.0, 'class_weight': 'balanced', 'gamma': 0.9, 'kernel': 'rbf'}",0.8523602033405955,0.8568148148148148,0.9257037037037037,0.8931851851851852,0.8842962962962964,0.8703987171076609,0.7732342007434945,0.8136161527808149,0.834754719731759,0.8709818499890661,0.8575345843693392,0.04069655524879338,72
56,4.404227948188781,0.4601621096886231,0.027147340774536132,0.00577489378727944,6000.0,balanced,0.7000000000000001,rbf,"{'C': 6000.0, 'class_weight': 'balanced', 'gamma': 0.7000000000000001, 'kernel': 'rbf'}",0.8544662309368192,0.857851851851852,0.9165925925925926,0.892962962962963,0.882888888888889,0.874772213718201,0.7742546832859538,0.8139077192215176,0.8386179750710693,0.8636197973613238,0.8569934915891182,0.03863068186994623,73
85,5.249423384666443,0.4881583318038943,0.02591836452484131,0.0017851429191835775,9000.0,balanced,0.6,rbf,"{'C': 9000.0, 'class_weight': 'balanced', 'gamma': 0.6, 'kernel': 'rbf'}",0.8553376906318083,0.8594074074074075,0.906074074074074,0.8914814814814814,0.8838518518518518,0.8756469130403091,0.7735986587943726,0.813834827611342,0.84197098913915,0.8595378671914863,0.8560741761223284,0.037036848906333075,74
95,5.489387464523316,0.6768109772189261,0.025880932807922363,0.0016483079398227386,10000.0,balanced,0.6,rbf,"{'C': 10000.0, 'class_weight': 'balanced', 'gamma': 0.6, 'kernel': 'rbf'}",0.855047204066812,0.8583703703703703,0.9041481481481481,0.8894074074074074,0.8842222222222222,0.8746264304978497,0.7725781762519135,0.8131059115095852,0.8380348421896638,0.8561848531234054,0.8545725565787377,0.03699428588216575,75
66,4.613678741455078,0.6090880182131185,0.026313376426696778,0.0025426326179041653,7000.0,balanced,0.7000000000000001,rbf,"{'C': 7000.0, 'class_weight': 'balanced', 'gamma': 0.7000000000000001, 'kernel': 'rbf'}",0.8508351488743646,0.8562962962962963,0.9131851851851852,0.8905925925925926,0.8835555555555556,0.8715649828704717,0.7697354034550623,0.8129601282892338,0.8332968875282456,0.861360157445878,0.8543382338092886,0.03912249070328152,76
47,4.025578761100769,0.382718773943503,0.026535463333129884,0.0021407474952262447,5000.0,balanced,0.8,rbf,"{'C': 5000.0, 'class_weight': 'balanced', 'gamma': 0.8, 'kernel': 'rbf'}",0.84960058097313,0.8557777777777777,0.9170370370370371,0.8895555555555555,0.8839259259259259,0.8698155842262555,0.7678402215904948,0.8131059115095852,0.8311101392229754,0.8637655805816751,0.8541534314400412,0.040150947019060024,77
76,5.216997814178467,0.42058436580191527,0.029600310325622558,0.0065033889354986895,8000.0,balanced,0.7000000000000001,rbf,"{'C': 8000.0, 'class_weight': 'balanced', 'gamma': 0.7000000000000001, 'kernel': 'rbf'}",0.8488743645606391,0.8560740740740741,0.9171851851851852,0.8877037037037037,0.8851111111111111,0.8701071506669582,0.7663094977768058,0.811648079306072,0.830308331511043,0.8556746118521759,0.8528996109747767,0.04052347840021847,78
57,4.576821780204773,0.5188785008693748,0.027733922004699707,0.005123892953715625,6000.0,balanced,0.8,rbf,"{'C': 6000.0, 'class_weight': 'balanced', 'gamma': 0.8, 'kernel': 'rbf'}",0.8465504720406681,0.8551111111111112,0.9246666666666666,0.8858518518518519,0.8857037037037037,0.8676288359209854,0.7635396165901305,0.8125956702383555,0.8262992929513814,0.8548728041402434,0.8522820025215097,0.04229881035011834,79
86,5.369774723052979,0.46556048265737776,0.02669203281402588,0.004645829554405411,9000.0,balanced,0.7000000000000001,rbf,"{'C': 9000.0, 'class_weight': 'balanced', 'gamma': 0.7000000000000001, 'kernel': 'rbf'}",0.8459694989106753,0.8558518518518519,0.920962962962963,0.8854814814814814,0.8857777777777778,0.8690866681244988,0.7652890152343464,0.8126685618485313,0.8255703768496246,0.8526860558349734,0.8519344250876724,0.04138321595282917,80
38,3.198551893234253,0.325656431939427,0.027561450004577638,0.005664030233043232,4000.0,balanced,0.9,rbf,"{'C': 4000.0, 'class_weight': 'balanced', 'gamma': 0.9, 'kernel': 'rbf'}",0.8465504720406682,0.8554814814814815,0.9223703703703704,0.8868148148148148,0.8833333333333333,0.8679204023616883,0.7548655149792258,0.8136890443909908,0.8271011006633137,0.8609956993949995,0.8519122233830887,0.043640295212612354,81
29,2.989544916152954,0.3435635331807015,0.030061101913452147,0.005735136008271381,3000.0,balanced,1.0,rbf,"{'C': 3000.0, 'class_weight': 'balanced', 'gamma': 1.0, 'kernel': 'rbf'}",0.8399419026870008,0.8551851851851852,0.9245925925925927,0.8865185185185185,0.8834814814814815,0.8676288359209856,0.7534076827757126,0.814928201763977,0.8246956775275166,0.8647860631241344,0.8515166141577104,0.04455730689942164,82
96,5.747727274894714,0.5044843233080063,0.025586867332458497,0.002288806668018244,10000.0,balanced,0.7000000000000001,rbf,"{'C': 10000.0, 'class_weight': 'balanced', 'gamma': 0.7000000000000001, 'kernel': 'rbf'}",0.840159767610748,0.8544444444444445,0.9162222222222222,0.8840740740740741,0.8879259259259259,0.8703258254974852,0.7666739558276843,0.8150010933741527,0.8222902543917197,0.849697499817771,0.8506815063186227,0.040553610987514116,83
67,5.291788029670715,0.6752148177081649,0.02717287540435791,0.005480011417537353,7000.0,balanced,0.8,rbf,"{'C': 7000.0, 'class_weight': 'balanced', 'gamma': 0.8, 'kernel': 'rbf'}",0.8398692810457518,0.8548888888888889,0.9228148148148148,0.8843703703703704,0.8853333333333333,0.8686493184634448,0.7631022669290766,0.814272177272396,0.8203221809169765,0.8519571397332167,0.850557977176827,0.04232644223944113,84
87,6.1157020092010494,0.6941612575697698,0.024479150772094727,0.0009360225845176024,9000.0,balanced,0.8,rbf,"{'C': 9000.0, 'class_weight': 'balanced', 'gamma': 0.8, 'kernel': 'rbf'}",0.8355846042120552,0.8533333333333333,0.9267407407407408,0.88,0.8862962962962962,0.8650047379546615,0.77330709235367,0.8166047087980175,0.8166047087980173,0.8512282236314601,0.8504704446118252,0.040819367592269534,85
77,5.880557751655578,0.6795097892054396,0.02441866397857666,0.0015639454870744521,8000.0,balanced,0.8,rbf,"{'C': 8000.0, 'class_weight': 'balanced', 'gamma': 0.8, 'kernel': 'rbf'}",0.8386347131445171,0.8545925925925926,0.9248148148148149,0.8813333333333334,0.8867407407407407,0.8671185946497557,0.7675486551497923,0.8151468765945039,0.8175522997303012,0.8506450907500547,0.8504127711500405,0.04175733987206837,86
48,4.211736726760864,0.29358063832111403,0.02597322463989258,0.0018424555228468995,5000.0,balanced,0.9,rbf,"{'C': 5000.0, 'class_weight': 'balanced', 'gamma': 0.9, 'kernel': 'rbf'}",0.840087145969499,0.8551111111111112,0.9251851851851851,0.8827407407407408,0.8852592592592593,0.8672643778701071,0.7523872002332532,0.8140535024418689,0.8181354326117065,0.8539981048181353,0.8494222060240866,0.04498759475383213,87
97,6.7799307346344,0.7688255984435732,0.025502347946166994,0.002903562266961073,10000.0,balanced,0.8,rbf,"{'C': 10000.0, 'class_weight': 'balanced', 'gamma': 0.8, 'kernel': 'rbf'}",0.833841684822077,0.8532592592592592,0.9237037037037037,0.8779259259259259,0.8846666666666666,0.862016181937459,0.7753480574385888,0.8157300094759093,0.8152926598148552,0.8499890662584737,0.8491773215302919,0.03971794300721785,88
58,5.076017189025879,0.8152918766750936,0.03080015182495117,0.0068229102804716266,6000.0,balanced,0.9,rbf,"{'C': 6000.0, 'class_weight': 'balanced', 'gamma': 0.9, 'kernel': 'rbf'}",0.8363108206245462,0.8548888888888888,0.9271111111111111,0.8794074074074073,0.8844444444444444,0.8653691960055397,0.7595305780304686,0.8150010933741526,0.8160944675267877,0.8515197900721626,0.8489677797485509,0.043584086266533234,89
39,3.5234999895095824,0.40076384017077676,0.02766904830932617,0.005480627375666325,4000.0,balanced,1.0,rbf,"{'C': 4000.0, 'class_weight': 'balanced', 'gamma': 1.0, 'kernel': 'rbf'}",0.8295570079883806,0.8547407407407407,0.9268888888888889,0.8802962962962962,0.8836296296296297,0.8664625701581747,0.7518040673518477,0.8150010933741526,0.816240250747139,0.8562577447335812,0.8480878289908832,0.04547725394850563,90
68,5.301832675933838,0.8212673295020388,0.02491438388824463,0.0019158025971803283,7000.0,balanced,0.9,rbf,"{'C': 7000.0, 'class_weight': 'balanced', 'gamma': 0.9, 'kernel': 'rbf'}",0.8321713870733478,0.8544444444444445,0.9257037037037037,0.876,0.8826666666666667,0.8595378671914864,0.76186310955609,0.8147095269334499,0.8147824185436255,0.8488956921058387,0.8470774816218652,0.04251159918266856,91
49,4.5540704250335695,0.39808199520965354,0.027820301055908204,0.00700831335226393,5000.0,balanced,1.0,rbf,"{'C': 5000.0, 'class_weight': 'balanced', 'gamma': 1.0, 'kernel': 'rbf'}",0.8264342774146696,0.8545185185185186,0.9255555555555556,0.875925925925926,0.8814074074074074,0.8610685910051753,0.7570522632844959,0.815365551425031,0.8140535024418689,0.8500619578686494,0.8461443550847297,0.04364380389570262,92
78,6.03007218837738,0.7679274671136893,0.026184678077697754,0.004534652457292677,8000.0,balanced,0.9,rbf,"{'C': 8000.0, 'class_weight': 'balanced', 'gamma': 0.9, 'kernel': 'rbf'}",0.8286855482933914,0.8514074074074074,0.9203703703703704,0.8709629629629629,0.8831111111111112,0.8565493111742838,0.7623004592171442,0.8162402507471389,0.8134703695604637,0.8488956921058387,0.8451993482950112,0.04113764893193499,93
88,6.483328795433044,0.9113952119199269,0.027261805534362794,0.004355167983661822,9000.0,balanced,0.9,rbf,"{'C': 9000.0, 'class_weight': 'balanced', 'gamma': 0.9, 'kernel': 'rbf'}",0.825998547567175,0.8488888888888888,0.9208888888888889,0.8651111111111112,0.8817777777777777,0.8545812376995409,0.7627378088781981,0.8160944675267877,0.8133245863401122,0.847510751512501,0.8436914066190981,0.04071765389290528,94
98,7.249857759475708,0.8158460146487244,0.023678851127624512,0.000648435570749092,10000.0,balanced,0.9,rbf,"{'C': 10000.0, 'class_weight': 'balanced', 'gamma': 0.9, 'kernel': 'rbf'}",0.8281045751633986,0.847925925925926,0.9201481481481482,0.8590370370370369,0.8813333333333333,0.8544354544791894,0.7639769662511845,0.8171878416794227,0.8134703695604636,0.8481667760040817,0.8433786427582186,0.03982906493418837,95
59,5.263372850418091,0.613386764675904,0.02600419521331787,0.0022216560702876817,6000.0,balanced,1.0,rbf,"{'C': 6000.0, 'class_weight': 'balanced', 'gamma': 1.0, 'kernel': 'rbf'}",0.8175744371822803,0.8502962962962962,0.9192592592592592,0.8683703703703702,0.8814074074074073,0.8550914789707705,0.7565420220132664,0.8163131423573148,0.81470952693345,0.8479481011735549,0.842751204196397,0.042180023961148325,96
69,5.707302904129028,0.7959506138924692,0.02431654930114746,0.0016455845567754893,7000.0,balanced,1.0,rbf,"{'C': 7000.0, 'class_weight': 'balanced', 'gamma': 1.0, 'kernel': 'rbf'}",0.8230210602759622,0.8474074074074074,0.9181481481481483,0.8626666666666667,0.88,0.8542167796486624,0.7569064800641446,0.8171878416794227,0.8139806108316933,0.8480209927837307,0.8421555987505839,0.04109256409590414,97
79,6.73562490940094,0.6736754512330009,0.02876269817352295,0.006995177491799235,8000.0,balanced,1.0,rbf,"{'C': 8000.0, 'class_weight': 'balanced', 'gamma': 1.0, 'kernel': 'rbf'}",0.8261437908496732,0.8462962962962963,0.916888888888889,0.8582222222222222,0.8775555555555556,0.8531234054960273,0.757926962606604,0.8179896493913551,0.8144179604927473,0.8480209927837306,0.8416585724583101,0.03996240666768934,98
89,6.674899554252624,0.5553333656582268,0.024398040771484376,0.0018711250059754415,9000.0,balanced,1.0,rbf,"{'C': 9000.0, 'class_weight': 'balanced', 'gamma': 1.0, 'kernel': 'rbf'}",0.8221496005809732,0.8418518518518519,0.9153333333333333,0.8587407407407407,0.874,0.8548728041402434,0.7566878052336176,0.8201035060864494,0.8149282017639771,0.8459071360886362,0.8404574979819823,0.039653223625176724,99
99,7.451616215705871,0.7694978085833518,0.026964831352233886,0.005223955087810509,10000.0,balanced,1.0,rbf,"{'C': 10000.0, 'class_weight': 'balanced', 'gamma': 1.0, 'kernel': 'rbf'}",0.817283950617284,0.8358518518518518,0.9148148148148147,0.8566666666666666,0.8751111111111112,0.854945695750419,0.7587287703185364,0.8227276040527736,0.8146366353232742,0.8456155696479335,0.8396382670154665,0.03929541842182116,100
